owner_info,BHK_info,price_info,locality_info,con_sta,pri_in,Area_inf
BUILDER,3 , 1.6 Cr,Manikonda,Under Construction,"5,699 / sq ft",2810 
BUILDER,2 , 1.43 Cr,Shaikpet,Ready to move,"9,565 / sq ft",1495 
BUILDER,2 , 56.98 L,Bachupally,Under Construction,"4,400 / sq ft",1295 
BUILDER,2 , 43.6 L,Shamshabad,Under Construction,"4,899 / sq ft",890 
BUILDER,3 , 65.82 L,Tellapur,Under Construction,"4,600 / sq ft",1431 
BUILDER,3 , 1.65 Cr,Attapur,Under Construction,"6,501 / sq ft",2540 
BUILDER,4 , 6.22 Cr,Serilingampally,Under Construction,"15,000 / sq ft",4147 
BUILDER,3 , 1.41 Cr,Yapral,Under Construction,"5,400 / sq ft",2615 
BUILDER,Residential Plot, 1.11 Cr,Sheriguda,New,"3,555 / sq ft",3150 
BUILDER,3 , 95.35 L,Manikonda,Under Construction,"6,200 / sq ft",1538 
BUILDER,4 , 1.45 Cr,Bachupally,Under Construction,"6,304 / sq ft",2300 
BUILDER,2 , 56.02 L,Ghatkesar,Under Construction,"4,500 / sq ft",1245 
BUILDER,2 , 72.05 L,Attapur,Under Construction,"5,500 / sq ft",1310 
BUILDER,2 , 61.57 L,Kompally,Under Construction,"4,700 / sq ft",1310 
BUILDER,3 , 1.46 Cr,Shankarpalli,Under Construction,"4,700 / sq ft",3120 
BUILDER,3 , 96.22 L,Nanakramguda,Ready to move,"6,800 / sq ft",1415 
BUILDER,3 , 54.04 L,Mallampet,Under Construction,"4,199 / sq ft",1287 
BUILDER,4 , 2.9 Cr,Hitech City,Ready to move,"8,290 / sq ft",3498 
BUILDER,3 , 97.11 L,Manikonda,Under Construction,"5,699 / sq ft",1704 
BUILDER,4 , 3.04 Cr,Shaikpet,Ready to move,"10,252 / sq ft",2965 
BUILDER,2 , 52.58 L,Bachupally,Under Construction,"4,400 / sq ft",1195 
BUILDER,2 , 44.33 L,Shamshabad,Under Construction,"4,899 / sq ft",905 
BUILDER,3 , 66.01 L,Tellapur,Under Construction,"4,600 / sq ft",1435 
BUILDER,3 , 1.65 Cr,Attapur,Under Construction,"6,501 / sq ft",2540 
BUILDER,4 , 4.89 Cr,Serilingampally,Under Construction,"15,000 / sq ft",3262 
BUILDER,3 , 1.59 Cr,Yapral,Under Construction,"5,400 / sq ft",2950 
BUILDER,Residential Plot, 1.11 Cr,Sheriguda,New,"3,555 / sq ft",3150 
BUILDER,3 , 93.31 L,Manikonda,Under Construction,"6,200 / sq ft",1505 
BUILDER,2 , 56.02 L,Ghatkesar,Under Construction,"4,500 / sq ft",1245 
BUILDER,3 , 81.67 L,Attapur,Under Construction,"5,500 / sq ft",1485 
BUILDER,2 , 58.51 L,Kompally,Under Construction,"4,700 / sq ft",1245 
BUILDER,3 , 1.41 Cr,Shankarpalli,Under Construction,"4,700 / sq ft",3000 
BUILDER,3 , 96.9 L,Nanakramguda,Ready to move,"6,800 / sq ft",1425 
BUILDER,3 , 65 L,Mallampet,Under Construction,"4,199 / sq ft",1548 
BUILDER,4 , 2.56 Cr,Hitech City,Ready to move,"8,446 / sq ft",3031 
BUILDER,3 , 1.6 Cr,Manikonda,Under Construction,"5,699 / sq ft",2810 
BUILDER,3 , 1.77 Cr,Shaikpet,Ready to move,"9,490 / sq ft",1865 
BUILDER,3 , 74.58 L,Bachupally,Under Construction,"4,400 / sq ft",1695 
BUILDER,2 , 48.65 L,Shamshabad,Under Construction,"5,149 / sq ft",945 
BUILDER,3 , 72.22 L,Tellapur,Under Construction,"4,600 / sq ft",1570 
BUILDER,3 , 1.65 Cr,Attapur,Under Construction,"6,501 / sq ft",2540 
BUILDER,4 , 6.38 Cr,Serilingampally,Under Construction,"15,000 / sq ft",4258 
BUILDER,3 , 1.3 Cr,Yapral,Under Construction,"5,400 / sq ft",2420 
BUILDER,Residential Plot, 63.99 L,Sheriguda,New,"3,555 / sq ft",1800 
BUILDER,2 , 77.19 L,Manikonda,Under Construction,"6,200 / sq ft",1245 
BUILDER,3 , 70.65 L,Ghatkesar,Under Construction,"4,500 / sq ft",1570 
BUILDER,3 , 98.72 L,Attapur,Under Construction,"5,500 / sq ft",1795 
BUILDER,3 , 74.02 L,Kompally,Under Construction,"4,700 / sq ft",1575 
BUILDER,3 , 63.86 L,Mallampet,Under Construction,"4,199 / sq ft",1521 
OWNER,2 , 43.17 L,Patancheru,Ready to move,"3,000 / sq ft",1439 
AGENT,3 , 92.62 L,Tellapur,Under Construction,"5,800 / sq ft",1597 
AGENT,2 , 47 L,Nacharam,Ready to move,"4,476 / sq ft",1050 
OWNER,3 , 1.9 Cr,Kollur,Under Construction,"6,333 / sq ft",3000 
OWNER,3 , 76 L,Miyapur,Ready to move,"5,684 / sq ft",1337 
OWNER,3 , 2.2 Cr,Manikonda,Ready to move,"8,661 / sq ft",2540 
AGENT,3 , 62.37 L,Aushapur,Under Construction,"6,085 / sq ft",1025 
OWNER,2 , 80 L,Mokila,Under Construction,"3,076 / sq ft",2600 
OWNER,2 , 69 L,Nagole,Under Construction,"6,272 / sq ft",1100 
OWNER,3 , 66.27 L,Kollur,Under Construction,"3,980 / sq ft",1665 
OWNER,4 , 77.99 L,Indresham,Ready to move,"4,333 / sq ft",1800 
OWNER,2 , 82.41 L,Puppalaguda,Under Construction,"6,700 / sq ft",1230 
OWNER,3 , 1.03 Cr,Madhapur,Under Construction,"7,103 / sq ft",1450 
OWNER,9 , 2.9 Cr,Saidabad,Ready to move,"5,370 / sq ft",5400 
OWNER,6 , 1.12 Cr,Sainikpuri,Under Construction,"4,869 / sq ft",2300 
OWNER,2 , 2.5 Cr,Chandanagar,Ready to move,"18,518 / sq ft",1350 
OWNER,3 , 42.77 L,muthangi,Under Construction,"2,699 / sq ft",1585 
OWNER,2 , 60 L,Ramachandra Puram,Ready to move,"5,000 / sq ft",1200 
OWNER,2 , 59 L,Mallapur,Ready to move,"5,051 / sq ft",1168 
OWNER,10 , 3.5 Cr,Mehdipatnam,Ready to move,"3,696 / sq ft",9468 
OWNER,3 , 42.17 L,Chandanagar Vill,Under Construction,"3,500 / sq ft",1205 
OWNER,2 , 55 L,Gajularamaram,Ready to move,"4,280 / sq ft",1285 
OWNER,2 , 40 L,Kompally,Under Construction,"3,636 / sq ft",1100 
OWNER,3 , 1.2 Cr,Kukatpally,Ready to move,"6,666 / sq ft",1800 
OWNER,3 , 1.2 Cr,Narsingi,Ready to move,"7,250 / sq ft",1655 
OWNER,4 , 78 L,Kundanpally,Under Construction,"3,545 / sq ft",2200 
OWNER,2 , 70 L,Manikonda,Ready to move,"5,384 / sq ft",1300 
OWNER,3 , 1.1 Cr,Banjara Hills,Ready to move,"6,866 / sq ft",1602 
OWNER,3 , 1.4 Cr,Jubilee Hills,Ready to move,"18,518 / sq ft",756 
OWNER,6 , 2.9 Cr,Banjara Hills,Ready to move,"12,013 / sq ft",2414 
OWNER,3 , 59 L,Nizampet,Ready to move,"3,460 / sq ft",1705 
OWNER,2 , 45 L,Shadnagar,Ready to move,"3,961 / sq ft",1136 
OWNER,6 , 6 Cr,Nallagandla Gachibowli,Ready to move,"10,452 / sq ft",5740 
OWNER,2 , 45 L,Amberpet,Ready to move,"4,812 / sq ft",935 
OWNER,Residential Plot, 11.26 L,Shadnagar,Resale,856 / sq ft,1314 
OWNER,Residential Plot, 30 L,chandrayangutta,Resale,"3,333 / sq ft",900 
OWNER,Residential Plot, 44 L,Medchal,Resale,"2,927 / sq ft",1503 
OWNER,3 , 1.31 Cr,AS Rao Nagar,Ready to move,"4,366 / sq ft",3000 
OWNER,2 , 64.7 L,Puppalaguda,Ready to move,"5,015 / sq ft",1290 
OWNER,5 , 2.5 Cr,Kothapet,Ready to move,"5,681 / sq ft",4400 
OWNER,3 , 93 L,Bandlaguda Jagir,Ready to move,"6,981 / sq ft",1332 
OWNER,2 , 38 L,Serilingampally,Ready to move,"4,578 / sq ft",830 
OWNER,2 , 60 L,Pasumamula,Under Construction,"4,615 / sq ft",1300 
OWNER,2 , 1.29 Cr,Madhapur,Ready to move,"9,485 / sq ft",1360 
OWNER,2 , 62 L,Chengicherla,Ready to move,"5,179 / sq ft",1197 
OWNER,2 , 53.72 L,Karmanghat,Ready to move,"4,753 / sq ft",1130 
OWNER,2 , 32 L,Meerpet,Ready to move,"3,678 / sq ft",870 
OWNER,3 , 1.66 Cr,Nanakramguda,Ready to move,"8,877 / sq ft",1870 
OWNER,2 , 26 L,Manikonda,Ready to move,"3,714 / sq ft",700 
OWNER,4 , 1 Cr,Kondakal,Under Construction,"5,555 / sq ft",1800 
OWNER,3 , 45 L,Kishan Bagh,Ready to move,"5,000 / sq ft",900 
AGENT,3 , 1.28 Cr,Tellapur,Under Construction,"5,800 / sq ft",2208 
AGENT,3 , 2.07 Cr,Tellapur,Under Construction,"5,800 / sq ft",3569 
AGENT,3 , 1.17 Cr,Tellapur,Under Construction,"5,500 / sq ft",2132 
AGENT,3 , 1 Cr,Tellapur,Under Construction,"4,700 / sq ft",2132 
OWNER,3 , 2.2 Cr,Manikonda,Ready to move,"8,661 / sq ft",2540 
AGENT,3 , 69.25 L,Aushapur,Under Construction,"6,021 / sq ft",1150 
AGENT,3 , 76.12 L,Aushapur,Under Construction,"5,970 / sq ft",1275 
OWNER,2 , 80 L,Mokila,Under Construction,"3,076 / sq ft",2600 
OWNER,2 , 80 L,Mokila,Under Construction,"3,076 / sq ft",2600 
OWNER,2 , 80 L,Mokila,Under Construction,"3,076 / sq ft",2600 
OWNER,2 , 80 L,Mokila,Under Construction,"3,076 / sq ft",2600 
OWNER,2 , 80 L,Mokila,Under Construction,"3,076 / sq ft",2600 
OWNER,2 , 80 L,Mokila,Under Construction,"3,076 / sq ft",2600 
OWNER,2 , 80 L,Mokila,Under Construction,"3,076 / sq ft",2600 
OWNER,2 , 80 L,Mokila,Under Construction,"3,076 / sq ft",2600 
OWNER,2 , 80 L,Mokila,Under Construction,"3,076 / sq ft",2600 
OWNER,2 , 80 L,Mokila,Under Construction,"3,076 / sq ft",2600 
OWNER,3 , 66.27 L,Kollur,Under Construction,"3,980 / sq ft",1665 
OWNER,3 , 66.27 L,Kollur,Under Construction,"3,980 / sq ft",1665 
OWNER,3 , 66.27 L,Kollur,Under Construction,"3,980 / sq ft",1665 
OWNER,4 , 77.99 L,Indresham,Ready to move,"4,333 / sq ft",1800 
OWNER,4 , 77.99 L,Indresham,Ready to move,"4,333 / sq ft",1800 
OWNER,4 , 77.99 L,Indresham,Ready to move,"4,333 / sq ft",1800 
OWNER,4 , 77.99 L,Indresham,Ready to move,"4,333 / sq ft",1800 
OWNER,4 , 77.99 L,Indresham,Ready to move,"4,333 / sq ft",1800 
OWNER,4 , 77.99 L,Indresham,Ready to move,"4,333 / sq ft",1800 
OWNER,4 , 77.99 L,Indresham,Ready to move,"4,333 / sq ft",1800 
OWNER,4 , 77.99 L,Indresham,Ready to move,"4,333 / sq ft",1800 
OWNER,4 , 77.99 L,Indresham,Ready to move,"4,333 / sq ft",1800 
OWNER,4 , 77.99 L,Indresham,Ready to move,"4,333 / sq ft",1800 
OWNER,2 , 82.41 L,Puppalaguda,Under Construction,"6,700 / sq ft",1230 
OWNER,3 , 1.03 Cr,Madhapur,Under Construction,"7,103 / sq ft",1450 
OWNER,3 , 98 L,Madhapur,Under Construction,"6,758 / sq ft",1450 
OWNER,3 , 1.03 Cr,Madhapur,Under Construction,"7,103 / sq ft",1450 
OWNER,6 , 1.12 Cr,Sainikpuri,Under Construction,"4,869 / sq ft",2300 
OWNER,9 , 2.9 Cr,Saidabad,Ready to move,"5,370 / sq ft",5400 
OWNER,9 , 2.9 Cr,Saidabad,Ready to move,"5,370 / sq ft",5400 
OWNER,9 , 2.9 Cr,Saidabad,Ready to move,"5,370 / sq ft",5400 
OWNER,2 , 82.41 L,Puppalaguda,Under Construction,"6,700 / sq ft",1230 
OWNER,2 , 50 L,Kollur,Under Construction,"4,000 / sq ft",1250 
OWNER,2 , 50 L,Kollur,Under Construction,"4,000 / sq ft",1250 
OWNER,2 , 50 L,Kollur,Under Construction,"4,000 / sq ft",1250 
OWNER,2 , 50 L,Kollur,Under Construction,"4,000 / sq ft",1250 
OWNER,3 , 66.27 L,Kollur,Under Construction,"3,980 / sq ft",1665 
OWNER,3 , 1.2 Cr,Bahadurpally,Ready to move,"5,454 / sq ft",2200 
OWNER,3 , 1.2 Cr,Bahadurpally,Ready to move,"5,454 / sq ft",2200 
OWNER,4 , 74.99 L,Patancheru,Ready to move,"4,120 / sq ft",1820 
OWNER,2 , 82.41 L,Puppalaguda,Under Construction,"6,700 / sq ft",1230 
OWNER,2 , 70 L,Manikonda,Ready to move,"5,384 / sq ft",1300 
OWNER,3 , 36 L,muthangi,Under Construction,"2,368 / sq ft",1520 
OWNER,2 , 26 L,muthangi,Under Construction,"2,222 / sq ft",1170 
OWNER,2 , 26 L,muthangi,Under Construction,"2,222 / sq ft",1170 
OWNER,3 , 44 L,Chandanagar,Under Construction,"3,548 / sq ft",1240 
OWNER,2 , 36 L,Miyapur,Under Construction,"3,529 / sq ft",1020 
OWNER,3 , 44 L,Chandanagar,Under Construction,"3,548 / sq ft",1240 
OWNER,2 , 26 L,muthangi,Under Construction,"2,222 / sq ft",1170 
OWNER,3 , 36 L,muthangi,Under Construction,"2,368 / sq ft",1520 
OWNER,3 , 36 L,muthangi,Under Construction,"2,307 / sq ft",1560 
OWNER,2 , 26 L,muthangi,Under Construction,"2,222 / sq ft",1170 
OWNER,3 , 44 L,Chandanagar,Under Construction,"3,548 / sq ft",1240 
OWNER,2 , 36 L,Miyapur,Under Construction,"3,529 / sq ft",1020 
OWNER,2 , 36 L,Miyapur,Under Construction,"3,529 / sq ft",1020 
OWNER,3 , 36 L,muthangi,Under Construction,"2,368 / sq ft",1520 
OWNER,3 , 44 L,Chandanagar,Under Construction,"3,548 / sq ft",1240 
OWNER,2 , 36 L,Miyapur,Under Construction,"3,529 / sq ft",1020 
OWNER,3 , 44 L,Chandanagar,Under Construction,"3,548 / sq ft",1240 
OWNER,2 , 26 L,muthangi,Under Construction,"2,222 / sq ft",1170 
OWNER,3 , 44 L,Chandanagar,Under Construction,"3,548 / sq ft",1240 
OWNER,3 , 44 L,Chandanagar,Under Construction,"3,548 / sq ft",1240 
OWNER,3 , 44 L,Chandanagar,Under Construction,"3,548 / sq ft",1240 
OWNER,3 , 36 L,muthangi,Under Construction,"2,307 / sq ft",1560 
OWNER,3 , 44 L,Chandanagar,Under Construction,"3,548 / sq ft",1240 
OWNER,3 , 44 L,Chandanagar,Under Construction,"3,548 / sq ft",1240 
OWNER,2 , 36 L,Miyapur,Under Construction,"3,529 / sq ft",1020 
OWNER,3 , 36 L,muthangi,Under Construction,"2,368 / sq ft",1520 
OWNER,2 , 36 L,Miyapur,Under Construction,"3,529 / sq ft",1020 
OWNER,3 , 44 L,Chandanagar,Under Construction,"3,548 / sq ft",1240 
OWNER,3 , 36 L,muthangi,Under Construction,"2,368 / sq ft",1520 
OWNER,2 , 36 L,Miyapur,Under Construction,"3,461 / sq ft",1040 
OWNER,3 , 36 L,muthangi,Under Construction,"2,307 / sq ft",1560 
OWNER,2 , 26 L,muthangi,Under Construction,"2,222 / sq ft",1170 
OWNER,2 , 26 L,muthangi,Under Construction,"2,222 / sq ft",1170 
OWNER,2 , 26 L,muthangi,Under Construction,"2,222 / sq ft",1170 
OWNER,2 , 36 L,Miyapur,Under Construction,"3,529 / sq ft",1020 
OWNER,2 , 36 L,Miyapur,Under Construction,"3,529 / sq ft",1020 
OWNER,2 , 36 L,Miyapur,Under Construction,"3,529 / sq ft",1020 
OWNER,2 , 36 L,Miyapur,Under Construction,"3,529 / sq ft",1020 
OWNER,2 , 36 L,Miyapur,Under Construction,"3,529 / sq ft",1020 
OWNER,2 , 36 L,Miyapur,Under Construction,"3,529 / sq ft",1020 
OWNER,3 , 36 L,muthangi,Under Construction,"2,368 / sq ft",1520 
OWNER,3 , 36 L,muthangi,Under Construction,"2,368 / sq ft",1520 
OWNER,3 , 36 L,muthangi,Under Construction,"2,368 / sq ft",1520 
OWNER,3 , 36 L,muthangi,Under Construction,"2,368 / sq ft",1520 
OWNER,3 , 36 L,muthangi,Under Construction,"2,307 / sq ft",1560 
OWNER,3 , 44 L,Chandanagar,Under Construction,"3,548 / sq ft",1240 
OWNER,3 , 44 L,Chandanagar,Under Construction,"3,548 / sq ft",1240 
OWNER,3 , 44 L,Chandanagar,Under Construction,"3,548 / sq ft",1240 
OWNER,3 , 44 L,Chandanagar,Under Construction,"3,548 / sq ft",1240 
OWNER,3 , 47.6 L,Miyapur,Under Construction,"3,500 / sq ft",1360 
OWNER,3 , 47.6 L,Miyapur,Under Construction,"3,500 / sq ft",1360 
OWNER,2 , 38 L,Chandanagar Vill,Under Construction,"3,653 / sq ft",1040 
OWNER,2 , 26 L,muthangi,Under Construction,"2,260 / sq ft",1150 
OWNER,2 , 26 L,muthangi,Under Construction,"2,260 / sq ft",1150 
OWNER,2 , 26 L,muthangi,Under Construction,"2,260 / sq ft",1150 
OWNER,2 , 26 L,muthangi,Under Construction,"2,260 / sq ft",1150 
OWNER,2 , 26 L,muthangi,Under Construction,"2,260 / sq ft",1150 
OWNER,2 , 26 L,muthangi,Under Construction,"2,260 / sq ft",1150 
OWNER,2 , 26 L,muthangi,Under Construction,"2,222 / sq ft",1170 
OWNER,2 , 70 L,Manikonda,Ready to move,"5,384 / sq ft",1300 
OWNER,2 , 26 L,muthangi,Under Construction,"2,260 / sq ft",1150 
OWNER,2 , 38 L,Chandanagar Vill,Under Construction,"3,653 / sq ft",1040 
OWNER,2 , 38 L,Chandanagar Vill,Under Construction,"3,653 / sq ft",1040 
OWNER,2 , 26 L,muthangi,Under Construction,"2,260 / sq ft",1150 
OWNER,2 , 38 L,Chandanagar Vill,Under Construction,"3,653 / sq ft",1040 
OWNER,2 , 38 L,Chandanagar Vill,Under Construction,"3,653 / sq ft",1040 
OWNER,2 , 35 L,muthangi,Under Construction,"2,243 / sq ft",1560 
OWNER,2 , 35 L,muthangi,Under Construction,"2,243 / sq ft",1560 
OWNER,2 , 35 L,muthangi,Under Construction,"2,243 / sq ft",1560 
OWNER,2 , 35 L,muthangi,Under Construction,"2,243 / sq ft",1560 
OWNER,2 , 35 L,muthangi,Under Construction,"2,243 / sq ft",1560 
OWNER,2 , 36 L,Miyapur,Under Construction,"3,529 / sq ft",1020 
OWNER,2 , 36 L,Miyapur,Under Construction,"3,529 / sq ft",1020 
OWNER,2 , 36 L,Miyapur,Under Construction,"3,529 / sq ft",1020 
OWNER,2 , 36 L,Miyapur,Under Construction,"3,529 / sq ft",1020 
OWNER,2 , 36 L,Miyapur,Under Construction,"3,529 / sq ft",1020 
OWNER,2 , 36 L,Miyapur,Under Construction,"3,529 / sq ft",1020 
OWNER,3 , 36 L,muthangi,Under Construction,"2,368 / sq ft",1520 
OWNER,3 , 36 L,muthangi,Under Construction,"2,368 / sq ft",1520 
OWNER,3 , 36 L,muthangi,Under Construction,"2,368 / sq ft",1520 
OWNER,3 , 36 L,muthangi,Under Construction,"2,368 / sq ft",1520 
OWNER,3 , 36 L,muthangi,Under Construction,"2,307 / sq ft",1560 
OWNER,3 , 44 L,Chandanagar,Under Construction,"3,548 / sq ft",1240 
OWNER,3 , 44 L,Chandanagar,Under Construction,"3,548 / sq ft",1240 
OWNER,3 , 44 L,Chandanagar,Under Construction,"3,548 / sq ft",1240 
OWNER,3 , 44 L,Chandanagar,Under Construction,"3,548 / sq ft",1240 
OWNER,3 , 47.6 L,Miyapur,Under Construction,"3,500 / sq ft",1360 
OWNER,3 , 47.6 L,Miyapur,Under Construction,"3,500 / sq ft",1360 
OWNER,2 , 36 L,Miyapur,Under Construction,"3,461 / sq ft",1040 
OWNER,2 , 26 L,muthangi,Under Construction,"2,222 / sq ft",1170 
OWNER,3 , 36 L,muthangi,Under Construction,"2,307 / sq ft",1560 
OWNER,3 , 36 L,muthangi,Under Construction,"2,307 / sq ft",1560 
OWNER,3 , 36 L,muthangi,Under Construction,"2,307 / sq ft",1560 
OWNER,3 , 36 L,muthangi,Under Construction,"2,368 / sq ft",1520 
OWNER,3 , 36 L,muthangi,Under Construction,"2,307 / sq ft",1560 
OWNER,2 , 26 L,muthangi,Under Construction,"2,222 / sq ft",1170 
OWNER,2 , 36 L,Miyapur,Under Construction,"3,461 / sq ft",1040 
OWNER,2 , 26 L,muthangi,Under Construction,"2,260 / sq ft",1150 
OWNER,2 , 36 L,Miyapur,Under Construction,"3,130 / sq ft",1150 
OWNER,2 , 36 L,Miyapur,Under Construction,"3,130 / sq ft",1150 
OWNER,2 , 36 L,Miyapur,Under Construction,"3,130 / sq ft",1150 
OWNER,2 , 36 L,Miyapur,Under Construction,"3,130 / sq ft",1150 
OWNER,2 , 36 L,Miyapur,Under Construction,"3,130 / sq ft",1150 
OWNER,2 , 36 L,Miyapur,Under Construction,"3,130 / sq ft",1150 
OWNER,2 , 26 L,muthangi,Under Construction,"2,260 / sq ft",1150 
OWNER,2 , 26 L,muthangi,Under Construction,"2,260 / sq ft",1150 
OWNER,2 , 26 L,muthangi,Under Construction,"2,260 / sq ft",1150 
OWNER,2 , 26 L,muthangi,Under Construction,"2,260 / sq ft",1150 
OWNER,2 , 26 L,muthangi,Under Construction,"2,260 / sq ft",1150 
OWNER,2 , 35 L,muthangi,Under Construction,"2,243 / sq ft",1560 
OWNER,2 , 35 L,muthangi,Under Construction,"2,243 / sq ft",1560 
OWNER,2 , 26 L,muthangi,Under Construction,"2,260 / sq ft",1150 
OWNER,2 , 36 L,Miyapur,Under Construction,"3,130 / sq ft",1150 
OWNER,3 , 44 L,Chandanagar,Under Construction,"3,548 / sq ft",1240 
OWNER,2 , 34 L,Miyapur,Under Construction,"3,269 / sq ft",1040 
OWNER,2 , 35 L,muthangi,Under Construction,"2,243 / sq ft",1560 
OWNER,3 , 44 L,Chandanagar,Under Construction,"3,548 / sq ft",1240 
OWNER,2 , 38 L,Chandanagar Vill,Under Construction,"3,653 / sq ft",1040 
OWNER,2 , 36 L,Miyapur,Under Construction,"3,130 / sq ft",1150 
OWNER,3 , 44 L,Chandanagar,Under Construction,"3,548 / sq ft",1240 
OWNER,3 , 44 L,Chandanagar,Under Construction,"3,548 / sq ft",1240 
OWNER,3 , 44 L,Chandanagar,Under Construction,"3,548 / sq ft",1240 
OWNER,2 , 34 L,Miyapur,Under Construction,"3,269 / sq ft",1040 
OWNER,2 , 26 L,muthangi,Under Construction,"2,260 / sq ft",1150 
OWNER,2 , 38 L,Chandanagar Vill,Under Construction,"3,653 / sq ft",1040 
OWNER,3 , 44 L,Chandanagar,Under Construction,"3,548 / sq ft",1240 
OWNER,2 , 36 L,Miyapur,Under Construction,"3,130 / sq ft",1150 
OWNER,2 , 26 L,muthangi,Under Construction,"2,260 / sq ft",1150 
OWNER,2 , 35.7 L,Miyapur,Under Construction,"3,500 / sq ft",1020 
OWNER,3 , 54.6 L,Miyapur,Under Construction,"3,500 / sq ft",1560 
OWNER,2 , 44 L,Miyapur,Under Construction,"4,190 / sq ft",1050 
OWNER,2 , 35 L,muthangi,Under Construction,"2,243 / sq ft",1560 
OWNER,2 , 35 L,muthangi,Under Construction,"2,243 / sq ft",1560 
OWNER,2 , 26 L,muthangi,Under Construction,"2,260 / sq ft",1150 
OWNER,2 , 26 L,muthangi,Under Construction,"2,260 / sq ft",1150 
OWNER,2 , 26 L,muthangi,Under Construction,"2,260 / sq ft",1150 
OWNER,2 , 38 L,Chandanagar Vill,Under Construction,"3,653 / sq ft",1040 
OWNER,2 , 36 L,Miyapur,Under Construction,"3,130 / sq ft",1150 
OWNER,2 , 36 L,Miyapur,Under Construction,"3,130 / sq ft",1150 
OWNER,2 , 35 L,muthangi,Under Construction,"2,243 / sq ft",1560 
OWNER,2 , 35 L,muthangi,Under Construction,"2,243 / sq ft",1560 
OWNER,2 , 35 L,muthangi,Under Construction,"2,243 / sq ft",1560 
OWNER,2 , 35 L,muthangi,Under Construction,"2,243 / sq ft",1560 
OWNER,2 , 36 L,Chandanagar,Under Construction,"3,529 / sq ft",1020 
OWNER,3 , 43.4 L,Miyapur,Under Construction,"3,500 / sq ft",1240 
OWNER,2 , 38 L,Chandanagar,Under Construction,"3,653 / sq ft",1040 
OWNER,2 , 34 L,Chandanagar,Under Construction,"3,269 / sq ft",1040 
OWNER,2 , 70 L,Manikonda,Ready to move,"5,384 / sq ft",1300 
OWNER,2 , 70 L,Manikonda,Ready to move,"5,384 / sq ft",1300 
OWNER,2 , 70 L,Manikonda,Ready to move,"5,384 / sq ft",1300 
OWNER,3 , 59 L,Nizampet,Ready to move,"3,460 / sq ft",1705 
OWNER,2 , 36 L,Chandanagar,Under Construction,"3,529 / sq ft",1020 
OWNER,2 , 36 L,Chandanagar,Under Construction,"3,529 / sq ft",1020 
OWNER,3 , 43.4 L,Miyapur,Under Construction,"3,500 / sq ft",1240 
OWNER,3 , 43.4 L,Miyapur,Under Construction,"3,500 / sq ft",1240 
OWNER,3 , 43.4 L,Miyapur,Under Construction,"3,500 / sq ft",1240 
OWNER,3 , 43.4 L,Miyapur,Under Construction,"3,500 / sq ft",1240 
OWNER,3 , 43.4 L,Miyapur,Under Construction,"3,500 / sq ft",1240 
OWNER,2 , 36 L,Chandanagar,Under Construction,"3,529 / sq ft",1020 
OWNER,3 , 43.4 L,Miyapur,Under Construction,"3,500 / sq ft",1240 
OWNER,2 , 36 L,Chandanagar,Under Construction,"3,529 / sq ft",1020 
OWNER,3 , 44 L,Chandanagar,Under Construction,"3,492 / sq ft",1260 
OWNER,3 , 44 L,Chandanagar,Under Construction,"3,492 / sq ft",1260 
OWNER,3 , 44 L,Chandanagar,Under Construction,"3,492 / sq ft",1260 
OWNER,3 , 44 L,Chandanagar,Under Construction,"3,492 / sq ft",1260 
OWNER,3 , 44 L,Chandanagar,Under Construction,"3,492 / sq ft",1260 
OWNER,2 , 36 L,Chandanagar,Under Construction,"3,529 / sq ft",1020 
OWNER,2 , 36 L,Chandanagar,Under Construction,"3,529 / sq ft",1020 
OWNER,3 , 43.4 L,Miyapur,Under Construction,"3,500 / sq ft",1240 
OWNER,3 , 43.4 L,Miyapur,Under Construction,"3,500 / sq ft",1240 
OWNER,2 , 36 L,Chandanagar,Under Construction,"3,529 / sq ft",1020 
OWNER,2 , 36 L,Miyapur,Under Construction,"3,529 / sq ft",1020 
OWNER,2 , 36 L,Miyapur,Under Construction,"3,529 / sq ft",1020 
OWNER,3 , 37 L,Chandanagar,Under Construction,"3,557 / sq ft",1040 
OWNER,2 , 38 L,Miyapur,Under Construction,"3,584 / sq ft",1060 
OWNER,3 , 37 L,Chandanagar,Under Construction,"3,557 / sq ft",1040 
OWNER,3 , 37 L,Chandanagar,Under Construction,"3,557 / sq ft",1040 
OWNER,3 , 37 L,Chandanagar,Under Construction,"3,557 / sq ft",1040 
OWNER,2 , 36 L,Miyapur,Under Construction,"3,529 / sq ft",1020 
OWNER,3 , 37 L,Chandanagar,Under Construction,"3,557 / sq ft",1040 
OWNER,2 , 38 L,Miyapur,Under Construction,"3,584 / sq ft",1060 
OWNER,2 , 36 L,Miyapur,Under Construction,"3,529 / sq ft",1020 
OWNER,2 , 38 L,Miyapur,Under Construction,"3,584 / sq ft",1060 
OWNER,2 , 38 L,Miyapur,Under Construction,"3,584 / sq ft",1060 
OWNER,2 , 38 L,Miyapur,Under Construction,"3,653 / sq ft",1040 
OWNER,2 , 38 L,Miyapur,Under Construction,"3,653 / sq ft",1040 
OWNER,2 , 38 L,Miyapur,Under Construction,"3,653 / sq ft",1040 
OWNER,2 , 38 L,Miyapur,Under Construction,"3,653 / sq ft",1040 
OWNER,2 , 38 L,Miyapur,Under Construction,"3,653 / sq ft",1040 
OWNER,3 , 37 L,Chandanagar,Under Construction,"3,557 / sq ft",1040 
OWNER,2 , 38 L,Miyapur,Under Construction,"3,653 / sq ft",1040 
OWNER,2 , 36 L,Miyapur,Under Construction,"3,529 / sq ft",1020 
OWNER,3 , 37 L,Chandanagar,Under Construction,"3,557 / sq ft",1040 
OWNER,2 , 36 L,Miyapur,Under Construction,"3,529 / sq ft",1020 
OWNER,2 , 36 L,Miyapur,Under Construction,"3,529 / sq ft",1020 
OWNER,2 , 36 L,Miyapur,Under Construction,"3,529 / sq ft",1020 
OWNER,3 , 37 L,Chandanagar,Under Construction,"3,557 / sq ft",1040 
OWNER,2 , 38 L,Miyapur,Under Construction,"3,584 / sq ft",1060 
OWNER,3 , 37 L,Chandanagar,Under Construction,"3,557 / sq ft",1040 
OWNER,3 , 37 L,Chandanagar,Under Construction,"3,557 / sq ft",1040 
OWNER,3 , 37 L,Chandanagar,Under Construction,"3,557 / sq ft",1040 
OWNER,2 , 36 L,Miyapur,Under Construction,"3,529 / sq ft",1020 
OWNER,3 , 37 L,Chandanagar,Under Construction,"3,557 / sq ft",1040 
OWNER,2 , 38 L,Miyapur,Under Construction,"3,584 / sq ft",1060 
OWNER,2 , 36 L,Miyapur,Under Construction,"3,529 / sq ft",1020 
OWNER,2 , 38 L,Miyapur,Under Construction,"3,584 / sq ft",1060 
OWNER,2 , 38 L,Miyapur,Under Construction,"3,584 / sq ft",1060 
OWNER,2 , 38 L,Miyapur,Under Construction,"3,653 / sq ft",1040 
OWNER,2 , 38 L,Miyapur,Under Construction,"3,653 / sq ft",1040 
OWNER,2 , 38 L,Miyapur,Under Construction,"3,653 / sq ft",1040 
OWNER,2 , 38 L,Miyapur,Under Construction,"3,653 / sq ft",1040 
OWNER,3 , 37 L,Chandanagar,Under Construction,"3,557 / sq ft",1040 
OWNER,2 , 38 L,Miyapur,Under Construction,"3,653 / sq ft",1040 
OWNER,3 , 37 L,Chandanagar,Under Construction,"3,557 / sq ft",1040 
OWNER,3 , 37 L,Chandanagar,Under Construction,"3,557 / sq ft",1040 
OWNER,3 , 37 L,Chandanagar,Under Construction,"3,557 / sq ft",1040 
OWNER,3 , 44 L,Chandanagar,Under Construction,"3,548 / sq ft",1240 
OWNER,3 , 44 L,Chandanagar,Under Construction,"3,548 / sq ft",1240 
OWNER,3 , 44 L,Chandanagar,Under Construction,"3,548 / sq ft",1240 
OWNER,3 , 37 L,Chandanagar,Under Construction,"3,557 / sq ft",1040 
OWNER,3 , 44 L,Chandanagar,Under Construction,"3,548 / sq ft",1240 
OWNER,3 , 44 L,Chandanagar,Under Construction,"3,548 / sq ft",1240 
OWNER,2 , 36 L,Miyapur,Under Construction,"3,529 / sq ft",1020 
OWNER,2 , 36 L,Miyapur,Under Construction,"3,529 / sq ft",1020 
OWNER,2 , 36 L,Miyapur,Under Construction,"3,529 / sq ft",1020 
OWNER,2 , 36 L,Miyapur,Under Construction,"3,529 / sq ft",1020 
OWNER,2 , 36 L,Miyapur,Under Construction,"3,529 / sq ft",1020 
OWNER,3 , 44 L,Chandanagar,Under Construction,"3,548 / sq ft",1240 
OWNER,3 , 44 L,Chandanagar,Under Construction,"3,548 / sq ft",1240 
OWNER,3 , 44 L,Chandanagar,Under Construction,"3,548 / sq ft",1240 
OWNER,3 , 44 L,Chandanagar,Under Construction,"3,548 / sq ft",1240 
OWNER,3 , 44 L,Chandanagar,Under Construction,"3,548 / sq ft",1240 
OWNER,2 , 36 L,Chandanagar,Under Construction,"3,529 / sq ft",1020 
OWNER,3 , 44 L,Chandanagar,Under Construction,"3,492 / sq ft",1260 
OWNER,2 , 38 L,Chandanagar,Under Construction,"3,653 / sq ft",1040 
OWNER,2 , 34 L,Chandanagar,Under Construction,"3,269 / sq ft",1040 
OWNER,3 , 44 L,Chandanagar,Under Construction,"3,492 / sq ft",1260 
OWNER,3 , 59 L,Nizampet,Ready to move,"3,460 / sq ft",1705 
OWNER,2 , 70 L,Manikonda,Ready to move,"5,384 / sq ft",1300 
OWNER,2 , 70 L,Manikonda,Ready to move,"5,384 / sq ft",1300 
OWNER,2 , 70 L,Manikonda,Ready to move,"5,384 / sq ft",1300 
OWNER,3 , 59 L,Nizampet,Ready to move,"3,460 / sq ft",1705 
OWNER,Residential Plot, 11.26 L,Shadnagar,Resale,856 / sq ft,1314 
OWNER,Residential Plot, 11.26 L,Shadnagar,Resale,856 / sq ft,1314 
OWNER,Residential Plot, 11.26 L,Shadnagar,Resale,856 / sq ft,1314 
OWNER,Residential Plot, 11.26 L,Shadnagar,Resale,856 / sq ft,1314 
OWNER,Residential Plot, 11.26 L,Shadnagar,Resale,856 / sq ft,1314 
OWNER,Residential Plot, 11.26 L,Shadnagar,Resale,856 / sq ft,1314 
OWNER,Residential Plot, 11.26 L,Shadnagar,Resale,856 / sq ft,1314 
OWNER,3 , 43.4 L,Miyapur,Under Construction,"3,500 / sq ft",1240 
OWNER,3 , 43.4 L,Miyapur,Under Construction,"3,500 / sq ft",1240 
OWNER,3 , 43.4 L,Miyapur,Under Construction,"3,500 / sq ft",1240 
OWNER,2 , 35.7 L,Miyapur,Under Construction,"3,500 / sq ft",1020 
OWNER,3 , 43.4 L,Miyapur,Under Construction,"3,500 / sq ft",1240 
OWNER,2 , 26 L,muthangi,Under Construction,"2,241 / sq ft",1160 
OWNER,2 , 35.7 L,Miyapur,Under Construction,"3,500 / sq ft",1020 
OWNER,3 , 36 L,muthangi,Under Construction,"2,307 / sq ft",1560 
OWNER,3 , 36 L,muthangi,Under Construction,"2,307 / sq ft",1560 
OWNER,2 , 26 L,muthangi,Under Construction,"2,241 / sq ft",1160 
OWNER,2 , 26 L,muthangi,Under Construction,"2,241 / sq ft",1160 
OWNER,3 , 36 L,muthangi,Under Construction,"2,307 / sq ft",1560 
OWNER,3 , 36 L,muthangi,Under Construction,"2,307 / sq ft",1560 
OWNER,2 , 35.7 L,Miyapur,Under Construction,"3,500 / sq ft",1020 
OWNER,2 , 36 L,muthangi,Under Construction,"2,292 / sq ft",1570 
OWNER,2 , 35.7 L,Miyapur,Under Construction,"3,500 / sq ft",1020 
OWNER,2 , 26 L,muthangi,Under Construction,"2,241 / sq ft",1160 
OWNER,2 , 35.7 L,Miyapur,Under Construction,"3,500 / sq ft",1020 
OWNER,2 , 35.7 L,Miyapur,Under Construction,"3,500 / sq ft",1020 
OWNER,2 , 35.7 L,Miyapur,Under Construction,"3,500 / sq ft",1020 
OWNER,3 , 43.4 L,Miyapur,Under Construction,"3,500 / sq ft",1240 
OWNER,2 , 36 L,muthangi,Under Construction,"2,292 / sq ft",1570 
OWNER,2 , 36 L,muthangi,Under Construction,"2,292 / sq ft",1570 
OWNER,2 , 36 L,muthangi,Under Construction,"2,292 / sq ft",1570 
OWNER,3 , 36 L,muthangi,Under Construction,"2,292 / sq ft",1570 
OWNER,2 , 26 L,muthangi,Under Construction,"1,699 / sq ft",1530 
OWNER,2 , 26 L,muthangi,Under Construction,"1,699 / sq ft",1530 
OWNER,2 , 26 L,muthangi,Under Construction,"1,699 / sq ft",1530 
OWNER,2 , 26 L,muthangi,Under Construction,"2,222 / sq ft",1170 
OWNER,2 , 26 L,muthangi,Under Construction,"1,699 / sq ft",1530 
OWNER,2 , 36 L,muthangi,Under Construction,"2,292 / sq ft",1570 
OWNER,2 , 26 L,muthangi,Under Construction,"1,733 / sq ft",1500 
OWNER,3 , 36 L,muthangi,Under Construction,"2,307 / sq ft",1560 
OWNER,3 , 36 L,muthangi,Under Construction,"2,307 / sq ft",1560 
OWNER,3 , 36 L,muthangi,Under Construction,"2,307 / sq ft",1560 
OWNER,3 , 36 L,muthangi,Under Construction,"2,292 / sq ft",1570 
OWNER,2 , 26 L,muthangi,Under Construction,"2,241 / sq ft",1160 
OWNER,2 , 36 L,muthangi,Under Construction,"2,292 / sq ft",1570 
OWNER,2 , 26 L,muthangi,Under Construction,"2,241 / sq ft",1160 
OWNER,3 , 36 L,muthangi,Under Construction,"2,292 / sq ft",1570 
OWNER,2 , 26 L,muthangi,Under Construction,"2,222 / sq ft",1170 
OWNER,2 , 36 L,muthangi,Under Construction,"2,292 / sq ft",1570 
OWNER,2 , 26 L,muthangi,Under Construction,"1,699 / sq ft",1530 
OWNER,2 , 35.7 L,Miyapur,Under Construction,"3,500 / sq ft",1020 
OWNER,2 , 26 L,muthangi,Under Construction,"1,699 / sq ft",1530 
OWNER,2 , 35.7 L,Miyapur,Under Construction,"3,500 / sq ft",1020 
OWNER,2 , 35.7 L,Miyapur,Under Construction,"3,500 / sq ft",1020 
OWNER,2 , 35.7 L,Miyapur,Under Construction,"3,500 / sq ft",1020 
OWNER,2 , 26 L,muthangi,Under Construction,"1,699 / sq ft",1530 
OWNER,2 , 35.7 L,Miyapur,Under Construction,"3,500 / sq ft",1020 
OWNER,3 , 36 L,muthangi,Under Construction,"2,307 / sq ft",1560 
OWNER,2 , 26 L,muthangi,Under Construction,"2,241 / sq ft",1160 
OWNER,2 , 26 L,muthangi,Under Construction,"2,222 / sq ft",1170 
OWNER,2 , 26 L,muthangi,Under Construction,"1,699 / sq ft",1530 
OWNER,2 , 36 L,muthangi,Under Construction,"2,292 / sq ft",1570 
OWNER,2 , 26 L,muthangi,Under Construction,"1,699 / sq ft",1530 
OWNER,3 , 36 L,muthangi,Under Construction,"2,292 / sq ft",1570 
OWNER,2 , 26 L,muthangi,Under Construction,"1,699 / sq ft",1530 
OWNER,2 , 36 L,muthangi,Under Construction,"2,292 / sq ft",1570 
OWNER,2 , 26 L,muthangi,Under Construction,"2,241 / sq ft",1160 
OWNER,2 , 36 L,muthangi,Under Construction,"2,292 / sq ft",1570 
OWNER,3 , 36 L,muthangi,Under Construction,"2,292 / sq ft",1570 
OWNER,2 , 35.7 L,Miyapur,Under Construction,"3,500 / sq ft",1020 
OWNER,3 , 36 L,muthangi,Under Construction,"2,307 / sq ft",1560 
OWNER,2 , 26 L,muthangi,Under Construction,"2,241 / sq ft",1160 
OWNER,2 , 26 L,muthangi,Under Construction,"2,222 / sq ft",1170 
OWNER,2 , 26 L,muthangi,Under Construction,"1,699 / sq ft",1530 
OWNER,2 , 36 L,muthangi,Under Construction,"2,292 / sq ft",1570 
OWNER,2 , 26 L,muthangi,Under Construction,"1,699 / sq ft",1530 
OWNER,3 , 36 L,muthangi,Under Construction,"2,292 / sq ft",1570 
OWNER,2 , 26 L,muthangi,Under Construction,"1,699 / sq ft",1530 
OWNER,2 , 36 L,muthangi,Under Construction,"2,292 / sq ft",1570 
OWNER,2 , 26 L,muthangi,Under Construction,"2,241 / sq ft",1160 
OWNER,2 , 36 L,muthangi,Under Construction,"2,292 / sq ft",1570 
OWNER,3 , 36 L,muthangi,Under Construction,"2,292 / sq ft",1570 
OWNER,2 , 26 L,muthangi,Under Construction,"2,241 / sq ft",1160 
OWNER,3 , 43.4 L,Miyapur,Under Construction,"3,500 / sq ft",1240 
OWNER,2 , 35.7 L,Miyapur,Under Construction,"3,500 / sq ft",1020 
OWNER,2 , 26 L,muthangi,Under Construction,"2,241 / sq ft",1160 
OWNER,2 , 26 L,muthangi,Under Construction,"2,222 / sq ft",1170 
OWNER,3 , 36 L,muthangi,Under Construction,"2,292 / sq ft",1570 
OWNER,2 , 26 L,muthangi,Under Construction,"2,241 / sq ft",1160 
OWNER,2 , 26 L,muthangi,Under Construction,"2,241 / sq ft",1160 
OWNER,2 , 26 L,muthangi,Under Construction,"1,699 / sq ft",1530 
OWNER,2 , 26 L,muthangi,Under Construction,"2,241 / sq ft",1160 
OWNER,2 , 26 L,muthangi,Under Construction,"2,241 / sq ft",1160 
OWNER,2 , 26 L,muthangi,Under Construction,"1,699 / sq ft",1530 
OWNER,2 , 26 L,muthangi,Under Construction,"2,241 / sq ft",1160 
OWNER,2 , 26 L,muthangi,Under Construction,"1,733 / sq ft",1500 
OWNER,2 , 26 L,muthangi,Under Construction,"1,733 / sq ft",1500 
OWNER,3 , 36 L,muthangi,Under Construction,"2,307 / sq ft",1560 
OWNER,3 , 36 L,muthangi,Under Construction,"2,307 / sq ft",1560 
OWNER,2 , 26 L,muthangi,Under Construction,"1,733 / sq ft",1500 
OWNER,2 , 26 L,muthangi,Under Construction,"2,241 / sq ft",1160 
OWNER,2 , 26 L,muthangi,Under Construction,"1,733 / sq ft",1500 
OWNER,2 , 26 L,muthangi,Under Construction,"1,733 / sq ft",1500 
OWNER,3 , 36 L,muthangi,Under Construction,"2,307 / sq ft",1560 
OWNER,2 , 26 L,muthangi,Under Construction,"2,241 / sq ft",1160 
OWNER,3 , 43.4 L,Miyapur,Under Construction,"3,500 / sq ft",1240 
OWNER,3 , 43.4 L,Miyapur,Under Construction,"3,500 / sq ft",1240 
OWNER,3 , 43.4 L,Miyapur,Under Construction,"3,500 / sq ft",1240 
OWNER,3 , 43.4 L,Miyapur,Under Construction,"3,500 / sq ft",1240 
OWNER,3 , 36 L,muthangi,Under Construction,"2,307 / sq ft",1560 
OWNER,2 , 26 L,muthangi,Under Construction,"2,241 / sq ft",1160 
OWNER,3 , 43.4 L,Miyapur,Under Construction,"3,500 / sq ft",1240 
OWNER,2 , 35.7 L,Miyapur,Under Construction,"3,500 / sq ft",1020 
OWNER,2 , 26 L,muthangi,Under Construction,"2,241 / sq ft",1160 
OWNER,2 , 26 L,muthangi,Under Construction,"2,222 / sq ft",1170 
OWNER,3 , 36 L,muthangi,Under Construction,"2,292 / sq ft",1570 
OWNER,2 , 26 L,muthangi,Under Construction,"2,241 / sq ft",1160 
OWNER,2 , 26 L,muthangi,Under Construction,"2,241 / sq ft",1160 
OWNER,2 , 26 L,muthangi,Under Construction,"1,699 / sq ft",1530 
OWNER,2 , 26 L,muthangi,Under Construction,"2,241 / sq ft",1160 
OWNER,2 , 26 L,muthangi,Under Construction,"2,241 / sq ft",1160 
OWNER,2 , 26 L,muthangi,Under Construction,"1,699 / sq ft",1530 
OWNER,2 , 26 L,muthangi,Under Construction,"2,241 / sq ft",1160 
OWNER,2 , 26 L,muthangi,Under Construction,"1,733 / sq ft",1500 
OWNER,2 , 26 L,muthangi,Under Construction,"1,733 / sq ft",1500 
OWNER,3 , 36 L,muthangi,Under Construction,"2,307 / sq ft",1560 
OWNER,3 , 36 L,muthangi,Under Construction,"2,307 / sq ft",1560 
OWNER,2 , 26 L,muthangi,Under Construction,"1,733 / sq ft",1500 
OWNER,2 , 26 L,muthangi,Under Construction,"2,241 / sq ft",1160 
OWNER,2 , 26 L,muthangi,Under Construction,"1,733 / sq ft",1500 
OWNER,2 , 26 L,muthangi,Under Construction,"1,733 / sq ft",1500 
OWNER,3 , 36 L,muthangi,Under Construction,"2,307 / sq ft",1560 
OWNER,2 , 26 L,muthangi,Under Construction,"2,241 / sq ft",1160 
OWNER,3 , 43.4 L,Miyapur,Under Construction,"3,500 / sq ft",1240 
OWNER,3 , 43.4 L,Miyapur,Under Construction,"3,500 / sq ft",1240 
OWNER,3 , 43.4 L,Miyapur,Under Construction,"3,500 / sq ft",1240 
OWNER,3 , 1.31 Cr,AS Rao Nagar,Ready to move,"4,366 / sq ft",3000 
OWNER,3 , 1.31 Cr,AS Rao Nagar,Ready to move,"4,366 / sq ft",3000 
OWNER,3 , 1.19 Cr,AS Rao Nagar,Ready to move,"3,966 / sq ft",3000 
OWNER,3 , 1.31 Cr,AS Rao Nagar,Ready to move,"4,366 / sq ft",3000 
OWNER,3 , 1.31 Cr,AS Rao Nagar,Ready to move,"4,366 / sq ft",3000 
OWNER,3 , 1.31 Cr,AS Rao Nagar,Ready to move,"4,366 / sq ft",3000 
OWNER,2 , 60 L,Pasumamula,Under Construction,"4,615 / sq ft",1300 
OWNER,2 , 60 L,Pasumamula,Under Construction,"4,615 / sq ft",1300 
OWNER,2 , 60 L,Pasumamula,Under Construction,"4,615 / sq ft",1300 
OWNER,2 , 60 L,Pasumamula,Under Construction,"4,615 / sq ft",1300 
OWNER,2 , 60 L,Pasumamula,Under Construction,"4,615 / sq ft",1300 
OWNER,2 , 60 L,Pasumamula,Under Construction,"4,615 / sq ft",1300 
OWNER,2 , 60 L,Pasumamula,Under Construction,"4,615 / sq ft",1300 
OWNER,2 , 62 L,Chengicherla,Ready to move,"5,179 / sq ft",1197 
OWNER,4 , 1 Cr,Kondakal,Under Construction,"5,555 / sq ft",1800 
OWNER,3 , 35 L,muthangi,Under Construction,"2,194 / sq ft",1595 
OWNER,2 , 26 L,muthangi,Under Construction,"2,222 / sq ft",1170 
OWNER,2 , 26 L,muthangi,Under Construction,"2,222 / sq ft",1170 
OWNER,2 , 26 L,muthangi,Under Construction,"2,222 / sq ft",1170 
OWNER,3 , 35 L,muthangi,Under Construction,"2,194 / sq ft",1595 
OWNER,3 , 35 L,muthangi,Under Construction,"2,194 / sq ft",1595 
OWNER,2 , 26 L,muthangi,Under Construction,"2,222 / sq ft",1170 
OWNER,2 , 26 L,muthangi,Under Construction,"2,222 / sq ft",1170 
OWNER,2 , 26 L,muthangi,Under Construction,"2,222 / sq ft",1170 
OWNER,3 , 35 L,muthangi,Under Construction,"2,194 / sq ft",1595 
OWNER,3 , 35 L,muthangi,Under Construction,"2,194 / sq ft",1595 
OWNER,3 , 35 L,muthangi,Under Construction,"2,194 / sq ft",1595 
OWNER,2 , 32 L,Jeedimetla,Ready to move,"3,703 / sq ft",864 
OWNER,2 , 26 L,muthangi,Under Construction,"2,222 / sq ft",1170 
OWNER,2 , 26 L,muthangi,Under Construction,"2,222 / sq ft",1170 
OWNER,2 , 26 L,muthangi,Under Construction,"2,222 / sq ft",1170 
OWNER,2 , 26 L,muthangi,Under Construction,"2,222 / sq ft",1170 
OWNER,2 , 65 L,Suchitra,Ready to move,"5,327 / sq ft",1220 
OWNER,3 , 35 L,muthangi,Under Construction,"2,194 / sq ft",1595 
OWNER,3 , 35 L,muthangi,Under Construction,"2,194 / sq ft",1595 
OWNER,2 , 26 L,muthangi,Under Construction,"2,222 / sq ft",1170 
OWNER,3 , 35 L,muthangi,Under Construction,"2,194 / sq ft",1595 
OWNER,3 , 35 L,muthangi,Under Construction,"2,194 / sq ft",1595 
OWNER,2 , 26 L,muthangi,Under Construction,"2,222 / sq ft",1170 
OWNER,2 , 26 L,muthangi,Under Construction,"2,222 / sq ft",1170 
OWNER,2 , 26 L,muthangi,Under Construction,"2,222 / sq ft",1170 
OWNER,3 , 35 L,muthangi,Under Construction,"2,194 / sq ft",1595 
OWNER,3 , 35 L,muthangi,Under Construction,"2,194 / sq ft",1595 
OWNER,2 , 26 L,muthangi,Under Construction,"2,222 / sq ft",1170 
OWNER,2 , 26 L,muthangi,Under Construction,"2,222 / sq ft",1170 
OWNER,2 , 26 L,muthangi,Under Construction,"2,222 / sq ft",1170 
OWNER,Residential Plot, 24 L,Desh Mukhi,Resale,"1,297 / sq ft",1850 
OWNER,Residential Plot, 28 L,Shankarpalli,Resale,"1,866 / sq ft",1500 
OWNER,2 , 50 L,Shankarpalli,Under Construction,"4,230 / sq ft",1182 
OWNER,2 , 50 L,Shankarpalli,Under Construction,"4,230 / sq ft",1182 
OWNER,2 , 50 L,Shankarpalli,Under Construction,"4,230 / sq ft",1182 
OWNER,2 , 50 L,Shankarpalli,Under Construction,"4,230 / sq ft",1182 
OWNER,2 , 50 L,Shankarpalli,Under Construction,"4,230 / sq ft",1182 
OWNER,3 , 69.5 L,Bachupally,Ready to move,"4,727 / sq ft",1470 
OWNER,3 , 54.44 L,Kompally,Under Construction,"2,798 / sq ft",1945 
OWNER,3 , 54.44 L,Kompally,Under Construction,"2,798 / sq ft",1945 
OWNER,3 , 54.44 L,Kompally,Under Construction,"2,798 / sq ft",1945 
OWNER,3 , 54.44 L,Kompally,Under Construction,"2,798 / sq ft",1945 
OWNER,3 , 54.44 L,Kompally,Under Construction,"2,798 / sq ft",1945 
OWNER,3 , 54.44 L,Kompally,Under Construction,"2,798 / sq ft",1945 
OWNER,3 , 54.44 L,Kompally,Under Construction,"2,798 / sq ft",1945 
OWNER,3 , 54.44 L,Kompally,Under Construction,"2,798 / sq ft",1945 
OWNER,3 , 54.44 L,Kompally,Under Construction,"2,798 / sq ft",1945 
OWNER,3 , 54.44 L,Kompally,Under Construction,"2,798 / sq ft",1945 
OWNER,2 , 57 L,Alwal,Ready to move,"4,750 / sq ft",1200 
OWNER,2 , 50 L,Shankarpalli,Under Construction,"4,230 / sq ft",1182 
OWNER,2 , 50 L,Shankarpalli,Under Construction,"4,230 / sq ft",1182 
OWNER,2 , 50 L,Shankarpalli,Under Construction,"4,230 / sq ft",1182 
OWNER,2 , 50 L,Shankarpalli,Under Construction,"4,230 / sq ft",1182 
OWNER,2 , 50 L,Shankarpalli,Under Construction,"4,230 / sq ft",1182 
OWNER,2 , 50 L,Shankarpalli,Under Construction,"4,230 / sq ft",1182 
OWNER,2 , 50 L,Shankarpalli,Under Construction,"4,230 / sq ft",1182 
OWNER,2 , 50 L,Shankarpalli,Under Construction,"4,230 / sq ft",1182 
OWNER,Residential Plot, 43 L,Gachibowli,Resale,"9,555 / sq ft",450 
OWNER,Residential Plot, 23 L,Shankarpalli,Resale,"1,503 / sq ft",1530 
OWNER,3 , 56 L,Vanasthalipuram,Under Construction,"4,274 / sq ft",1310 
OWNER,4 , 90 L,Malkajgiri,Under Construction,"4,500 / sq ft",2000 
OWNER,3 , 90 L,East Marredpally,Ready to move,"5,901 / sq ft",1525 
OWNER,Residential Plot, 6.57 L,Shadnagar,Resale,500 / sq ft,1314 
OWNER,2 , 35 L,Pragathi Nagar Kukatpally,Under Construction,"2,916 / sq ft",1200 
OWNER,2 , 65 L,Tellapur,Under Construction,"5,293 / sq ft",1228 
OWNER,4 , 2.3 Cr,Balapur,Ready to move,"9,126 / sq ft",2520 
OWNER,2 , 30 L,Bandlaguda Jagir,Ready to move,"3,167 / sq ft",947 
OWNER,2 , 52.96 L,Shankarpalli,Under Construction,"4,637 / sq ft",1142 
OWNER,2 , 45 L,Patancheru,Under Construction,"4,838 / sq ft",930 
OWNER,2 , 45 L,Patancheru,Under Construction,"4,838 / sq ft",930 
OWNER,2 , 45 L,Patancheru,Under Construction,"4,838 / sq ft",930 
OWNER,2 , 45 L,Patancheru,Under Construction,"4,838 / sq ft",930 
OWNER,2 , 45 L,Patancheru,Under Construction,"4,838 / sq ft",930 
OWNER,2 , 40 L,Sainikpuri,Ready to move,"4,210 / sq ft",950 
OWNER,2 , 51 L,Patancheru,Under Construction,"4,811 / sq ft",1060 
OWNER,2 , 1.05 Cr,Bandlaguda Jagir,Ready to move,"9,545 / sq ft",1100 
OWNER,2 , 1.05 Cr,Bandlaguda Jagir,Ready to move,"9,545 / sq ft",1100 
OWNER,2 , 1.05 Cr,Bandlaguda Jagir,Ready to move,"9,545 / sq ft",1100 
OWNER,2 , 40 L,Sainikpuri,Ready to move,"4,210 / sq ft",950 
OWNER,2 , 40 L,Sainikpuri,Ready to move,"4,210 / sq ft",950 
OWNER,2 , 66 L,Pedda Amberpet,Ready to move,"5,892 / sq ft",1120 
OWNER,2 , 59.5 L,Moosarambagh Road,Ready to move,"5,458 / sq ft",1090 
OWNER,6 , 1.8 Cr,Kukatpally,Ready to move,"5,142 / sq ft",3500 
OWNER,6 , 1.8 Cr,Kukatpally,Ready to move,"5,142 / sq ft",3500 
OWNER,6 , 1.8 Cr,Kukatpally,Ready to move,"5,142 / sq ft",3500 
OWNER,6 , 1.8 Cr,Kukatpally,Ready to move,"5,142 / sq ft",3500 
OWNER,6 , 1.8 Cr,Kukatpally,Ready to move,"5,142 / sq ft",3500 
OWNER,6 , 1.8 Cr,Kukatpally,Ready to move,"5,142 / sq ft",3500 
OWNER,6 , 1.8 Cr,Kukatpally,Ready to move,"5,142 / sq ft",3500 
OWNER,6 , 1.8 Cr,Kukatpally,Ready to move,"5,142 / sq ft",3500 
OWNER,6 , 1.8 Cr,Kukatpally,Ready to move,"5,142 / sq ft",3500 
OWNER,6 , 1.8 Cr,Kukatpally,Ready to move,"5,142 / sq ft",3500 
OWNER,6 , 1.8 Cr,Kukatpally,Ready to move,"5,142 / sq ft",3500 
OWNER,6 , 1.8 Cr,Kukatpally,Ready to move,"5,142 / sq ft",3500 
OWNER,6 , 1.8 Cr,Kukatpally,Ready to move,"5,142 / sq ft",3500 
OWNER,6 , 1.8 Cr,Kukatpally,Ready to move,"5,142 / sq ft",3500 
OWNER,6 , 1.8 Cr,Kukatpally,Ready to move,"5,142 / sq ft",3500 
OWNER,6 , 1.8 Cr,Kukatpally,Ready to move,"5,142 / sq ft",3500 
OWNER,6 , 1.8 Cr,Kukatpally,Ready to move,"5,142 / sq ft",3500 
OWNER,3 , 40 L,Bhanur,Under Construction,"2,500 / sq ft",1600 
OWNER,3 , 40 L,Bhanur,Under Construction,"2,500 / sq ft",1600 
OWNER,3 , 40 L,Bhanur,Under Construction,"2,500 / sq ft",1600 
OWNER,2 , 1.5 Cr,Osman Nagar,Ready to move,"14,534 / sq ft",1032 
OWNER,2 , 1.5 Cr,Osman Nagar,Ready to move,"14,534 / sq ft",1032 
OWNER,2 , 1.5 Cr,Osman Nagar,Ready to move,"14,534 / sq ft",1032 
OWNER,Residential Plot, 36 L,Nagole,Resale,"2,000 / sq ft",1800 
OWNER,Residential Plot, 20 L,Kothur Patti Digwal,Resale,"1,277 / sq ft",1566 
OWNER,Residential Plot, 20 L,Kothur Patti Digwal,Resale,"1,277 / sq ft",1566 
OWNER,Residential Plot, 20 L,Kothur Patti Digwal,Resale,"1,277 / sq ft",1566 
OWNER,Residential Plot, 20 L,Kothur Patti Digwal,Resale,"1,277 / sq ft",1566 
OWNER,Residential Plot, 20 L,Kothur Patti Digwal,Resale,"1,277 / sq ft",1566 
OWNER,2 , 35 L,Patancheru,Under Construction,"3,500 / sq ft",1000 
OWNER,3 , 84.5 L,Mettuguda,Ready to move,"3,634 / sq ft",2325 
OWNER,Residential Plot, 48 L,Bhanur,Resale,"2,666 / sq ft",1800 
OWNER,2 , 58 L,Badangpet,Ready to move,"5,858 / sq ft",990 
OWNER,2 , 30 L,Kollur,Under Construction,"2,400 / sq ft",1250 
OWNER,2 , 44 L,Pragathi Nagar Kukatpally,Under Construction,"3,666 / sq ft",1200 
OWNER,2 , 44 L,Pragathi Nagar Kukatpally,Under Construction,"3,666 / sq ft",1200 
OWNER,2 , 44 L,Pragathi Nagar Kukatpally,Under Construction,"3,666 / sq ft",1200 
OWNER,2 , 44 L,Pragathi Nagar Kukatpally,Under Construction,"3,666 / sq ft",1200 
OWNER,2 , 44 L,Pragathi Nagar Kukatpally,Under Construction,"3,666 / sq ft",1200 
OWNER,Residential Plot, 30 L,Kothur,Resale,"1,904 / sq ft",1575 
OWNER,Residential Plot, 30 L,Kothur,Resale,"1,904 / sq ft",1575 
OWNER,3 , 91 L,Bollaram,Ready to move,"4,789 / sq ft",1900 
OWNER,2 , 87 L,Kukatpally,Ready to move,"7,598 / sq ft",1145 
OWNER,3 , 3 Cr,Kompally,Ready to move,"14,962 / sq ft",2005 
OWNER,3 , 82 L,Kondapur,Ready to move,"5,412 / sq ft",1515 
OWNER,3 , 82 L,Kondapur,Ready to move,"5,412 / sq ft",1515 
OWNER,3 , 82 L,Kondapur,Ready to move,"5,412 / sq ft",1515 
OWNER,2 , 32 L,Pragathi Nagar Kukatpally,Ready to move,"3,076 / sq ft",1040 
OWNER,2 , 22 L,Shamirpet,Ready to move,"2,000 / sq ft",1100 
OWNER,6 , 2.2 Cr,Mokila,Under Construction,"5,500 / sq ft",4000 
OWNER,6 , 2.2 Cr,Mokila,Under Construction,"5,500 / sq ft",4000 
OWNER,6 , 2.2 Cr,Mokila,Under Construction,"5,500 / sq ft",4000 
OWNER,6 , 2.2 Cr,Mokila,Under Construction,"5,500 / sq ft",4000 
OWNER,2 , 40 L,LB Nagar,Ready to move,"5,333 / sq ft",750 
OWNER,6 , 2.2 Cr,Mokila,Under Construction,"5,500 / sq ft",4000 
OWNER,Residential Plot, 18.18 L,Chevella,Resale,666 / sq ft,2727 
OWNER,Residential Plot, 18.18 L,Chevella,Resale,666 / sq ft,2727 
OWNER,Residential Plot, 18.18 L,Chevella,Resale,666 / sq ft,2727 
OWNER,Residential Plot, 18.18 L,Chevella,Resale,666 / sq ft,2727 
OWNER,Residential Plot, 18.18 L,Chevella,Resale,666 / sq ft,2727 
OWNER,Residential Plot, 18.18 L,Chevella,Resale,666 / sq ft,2727 
OWNER,Residential Plot, 18.18 L,Chevella,Resale,666 / sq ft,2727 
OWNER,Residential Plot, 18.18 L,Chevella,Resale,666 / sq ft,2727 
OWNER,Residential Plot, 18.18 L,Chevella,Resale,666 / sq ft,2727 
OWNER,Residential Plot, 18.18 L,Chevella,Resale,666 / sq ft,2727 
OWNER,Residential Plot, 18.18 L,Chevella,Resale,666 / sq ft,2727 
OWNER,Residential Plot, 18.18 L,Chevella,Resale,666 / sq ft,2727 
OWNER,Residential Plot, 18.18 L,Chevella,Resale,666 / sq ft,2727 
OWNER,Residential Plot, 18.18 L,Chevella,Resale,666 / sq ft,2727 
OWNER,Residential Plot, 18.18 L,Chevella,Resale,666 / sq ft,2727 
OWNER,Residential Plot, 18.18 L,Chevella,Resale,666 / sq ft,2727 
OWNER,Residential Plot, 18.18 L,Chevella,Resale,666 / sq ft,2727 
OWNER,Residential Plot, 18.18 L,Chevella,Resale,666 / sq ft,2727 
OWNER,Residential Plot, 18.18 L,Chevella,Resale,666 / sq ft,2727 
OWNER,3 , 43.05 L,Miyapur,Under Construction,"3,500 / sq ft",1230 
OWNER,2 , 38.5 L,Aminpur,Under Construction,"3,347 / sq ft",1150 
OWNER,3 , 56.65 L,Chandanagar,Under Construction,"3,562 / sq ft",1590 
OWNER,2 , 56.17 L,Miyapur,Under Construction,"3,500 / sq ft",1605 
OWNER,3 , 55.82 L,Chandanagar Vill,Under Construction,"3,500 / sq ft",1595 
OWNER,2 , 46.9 L,Chandanagar Vill,Under Construction,"3,500 / sq ft",1340 
OWNER,2 , 35.87 L,Miyapur,Under Construction,"3,500 / sq ft",1025 
OWNER,2 , 37.1 L,Miyapur,Under Construction,"3,500 / sq ft",1060 
OWNER,2 , 43.05 L,Miyapur,Under Construction,"3,500 / sq ft",1230 
OWNER,2 , 38.5 L,Miyapur,Under Construction,"3,500 / sq ft",1100 
OWNER,3 , 53.55 L,Miyapur,Under Construction,"3,500 / sq ft",1530 
OWNER,3 , 85 L,Madhapur,Ready to move,"5,862 / sq ft",1450 
OWNER,3 , 85 L,Madhapur,Ready to move,"5,862 / sq ft",1450 
OWNER,3 , 85 L,Madhapur,Ready to move,"5,862 / sq ft",1450 
OWNER,3 , 85 L,Madhapur,Ready to move,"5,862 / sq ft",1450 
OWNER,3 , 85 L,Madhapur,Ready to move,"5,862 / sq ft",1450 
OWNER,3 , 85 L,Madhapur,Ready to move,"5,862 / sq ft",1450 
OWNER,3 , 85 L,Madhapur,Ready to move,"5,862 / sq ft",1450 
OWNER,3 , 85 L,Madhapur,Ready to move,"5,862 / sq ft",1450 
OWNER,3 , 85 L,Madhapur,Ready to move,"5,862 / sq ft",1450 
OWNER,3 , 85 L,Madhapur,Ready to move,"5,862 / sq ft",1450 
OWNER,3 , 85 L,Madhapur,Ready to move,"5,862 / sq ft",1450 
OWNER,3 , 85 L,Madhapur,Ready to move,"5,862 / sq ft",1450 
OWNER,Residential Plot, 27 L,Kothur,Resale,"1,862 / sq ft",1450 
OWNER,Residential Plot, 98 L,Kundanpally,Resale,"2,722 / sq ft",3600 
OWNER,Residential Plot, 98 L,Kundanpally,Resale,"2,722 / sq ft",3600 
OWNER,Residential Plot, 98 L,Kundanpally,Resale,"2,722 / sq ft",3600 
OWNER,Residential Plot, 98 L,Kundanpally,Resale,"2,722 / sq ft",3600 
OWNER,Residential Plot, 98 L,Kundanpally,Resale,"2,722 / sq ft",3600 
OWNER,Residential Plot, 98 L,Kundanpally,Resale,"2,722 / sq ft",3600 
OWNER,2 , 55 L,Ramachandra Puram,Ready to move,"5,418 / sq ft",1015 
OWNER,3 , 66 L,Nagaram Hyderabad South,Ready to move,"4,551 / sq ft",1450 
OWNER,5 , 2.5 Cr,Habsiguda,Ready to move,"8,928 / sq ft",2800 
OWNER,Residential Plot, 1.13 Cr,Almasguda,Resale,"4,211 / sq ft",2700 
OWNER,Residential Plot, 1.13 Cr,Almasguda,Resale,"4,211 / sq ft",2700 
OWNER,Residential Plot, 1.13 Cr,Almasguda,Resale,"4,211 / sq ft",2700 
OWNER,Residential Plot, 1.13 Cr,Almasguda,Resale,"4,211 / sq ft",2700 
OWNER,Residential Plot, 1.13 Cr,Almasguda,Resale,"4,211 / sq ft",2700 
OWNER,Residential Plot, 1.13 Cr,Almasguda,Resale,"4,211 / sq ft",2700 
OWNER,Residential Plot, 1.13 Cr,Almasguda,Resale,"4,211 / sq ft",2700 
OWNER,Residential Plot, 1.13 Cr,Almasguda,Resale,"4,211 / sq ft",2700 
OWNER,Residential Plot, 1.13 Cr,Almasguda,Resale,"4,211 / sq ft",2700 
OWNER,Residential Plot, 1.13 Cr,Almasguda,Resale,"4,211 / sq ft",2700 
OWNER,Residential Plot, 1.13 Cr,Almasguda,Resale,"4,211 / sq ft",2700 
OWNER,Residential Plot, 1.13 Cr,Almasguda,Resale,"4,211 / sq ft",2700 
OWNER,2 , 72 L,Godumakunta,Ready to move,"4,645 / sq ft",1550 
OWNER,2 , 80 L,Kukatpally,Ready to move,"7,104 / sq ft",1126 
OWNER,2 , 37 L,Chandanagar,Under Construction,"3,627 / sq ft",1020 
OWNER,Residential Plot, 80 L,Shamirpet,Resale,"2,735 / sq ft",2925 
OWNER,Residential Plot, 45 L,Gollur,Resale,"1,369 / sq ft",3285 
OWNER,Residential Plot, 45 L,Gollur,Resale,"1,369 / sq ft",3285 
OWNER,Residential Plot, 45 L,Gollur,Resale,"1,369 / sq ft",3285 
OWNER,Residential Plot, 45 L,Gollur,Resale,"1,369 / sq ft",3285 
OWNER,Residential Plot, 45 L,Gollur,Resale,"1,369 / sq ft",3285 
OWNER,Residential Plot, 45 L,Gollur,Resale,"1,369 / sq ft",3285 
OWNER,Residential Plot, 20 L,Kothur,Resale,925 / sq ft,2160 
OWNER,3 , 92.5 L,Kompally,Ready to move,"5,441 / sq ft",1700 
OWNER,2 , 47.5 L,Yapral,Under Construction,"4,222 / sq ft",1125 
OWNER,3 , 86 L,Kondapur,Ready to move,"5,676 / sq ft",1515 
OWNER,3 , 77.98 L,Hayathnagar,Under Construction,"4,715 / sq ft",1654 
OWNER,2 , 40 L,LB Nagar,Ready to move,"5,298 / sq ft",755 
OWNER,2 , 35 L,Kollur,Under Construction,"2,991 / sq ft",1170 
OWNER,2 , 40 L,LB Nagar,Ready to move,"5,298 / sq ft",755 
OWNER,2 , 40 L,LB Nagar,Ready to move,"5,298 / sq ft",755 
OWNER,2 , 40 L,LB Nagar,Ready to move,"5,298 / sq ft",755 
OWNER,3 , 1.5 Cr,Ameerpet,Ready to move,"8,333 / sq ft",1800 
OWNER,10 , 3.8 Cr,Mehdipatnam,Ready to move,"8,025 / sq ft",4735 
OWNER,2 , 57 L,Nadergul,Ready to move,"4,560 / sq ft",1250 
OWNER,2 , 57 L,Nadergul,Ready to move,"4,560 / sq ft",1250 
OWNER,2 , 57 L,Nadergul,Ready to move,"4,560 / sq ft",1250 
OWNER,2 , 57 L,Nadergul,Ready to move,"4,560 / sq ft",1250 
OWNER,2 , 57 L,Nadergul,Ready to move,"4,560 / sq ft",1250 
OWNER,Residential Plot, 36.5 L,Chevella,Resale,"3,509 / sq ft",1040 
OWNER,Residential Plot, 36.5 L,Chevella,Resale,"3,509 / sq ft",1040 
OWNER,Residential Plot, 36.5 L,Chevella,Resale,"3,509 / sq ft",1040 
OWNER,Residential Plot, 18.18 L,Chevella,Resale,666 / sq ft,2727 
OWNER,Residential Plot, 18.18 L,Chevella,Resale,666 / sq ft,2727 
OWNER,Residential Plot, 18.18 L,Chevella,Resale,666 / sq ft,2727 
OWNER,Residential Plot, 18.18 L,Chevella,Resale,666 / sq ft,2727 
OWNER,2 , 39.74 L,Pragathi Nagar Kukatpally,Under Construction,"3,456 / sq ft",1150 
OWNER,2 , 39.74 L,Pragathi Nagar Kukatpally,Under Construction,"3,456 / sq ft",1150 
AGENT,3 , 1.09 Cr,Kukatpally,Ready to move,"6,900 / sq ft",1592 
AGENT,2 , 94.11 L,Kukatpally,Under Construction,"6,600 / sq ft",1426 
OWNER,Residential Plot, 15 L,Bhuvanagiri,Resale,555 / sq ft,2700 
OWNER,2 , 36 L,Nagaram,Ready to move,"3,152 / sq ft",1142 
OWNER,4 , 76.89 L,Patancheru,Ready to move,"3,560 / sq ft",2160 
OWNER,3 , 1.16 Cr,Bachupally,Under Construction,"4,332 / sq ft",2700 
OWNER,3 , 42.75 L,Kompally,Under Construction,"2,697 / sq ft",1585 
OWNER,3 , 42.75 L,Kompally,Under Construction,"2,697 / sq ft",1585 
OWNER,Residential Plot, 36 L,Bibinagar,Resale,"1,333 / sq ft",2700 
OWNER,Residential Plot, 36 L,Bibinagar,Resale,"1,333 / sq ft",2700 
OWNER,Residential Plot, 36 L,Bibinagar,Resale,"1,333 / sq ft",2700 
OWNER,Residential Plot, 36 L,Bibinagar,Resale,"1,333 / sq ft",2700 
OWNER,Residential Plot, 34 L,Ibrahimpatnam,Resale,"1,888 / sq ft",1800 
OWNER,Residential Plot, 34 L,Ibrahimpatnam,Resale,"1,888 / sq ft",1800 
OWNER,Residential Plot, 34 L,Ibrahimpatnam,Resale,"1,888 / sq ft",1800 
OWNER,Residential Plot, 34 L,Ibrahimpatnam,Resale,"1,888 / sq ft",1800 
OWNER,Residential Plot, 34 L,Ibrahimpatnam,Resale,"1,888 / sq ft",1800 
OWNER,3 , 1.65 Cr,Kollur,Under Construction,"7,399 / sq ft",2230 
OWNER,3 , 1.65 Cr,Kollur,Under Construction,"7,399 / sq ft",2230 
OWNER,3 , 1.65 Cr,Kollur,Under Construction,"7,399 / sq ft",2230 
OWNER,3 , 1.65 Cr,Kollur,Under Construction,"7,399 / sq ft",2230 
OWNER,3 , 1.65 Cr,Kollur,Under Construction,"7,399 / sq ft",2230 
OWNER,3 , 1.65 Cr,Kollur,Under Construction,"7,399 / sq ft",2230 
OWNER,3 , 1.65 Cr,Kollur,Under Construction,"7,399 / sq ft",2230 
OWNER,3 , 1.65 Cr,Kollur,Under Construction,"7,399 / sq ft",2230 
OWNER,3 , 1.65 Cr,Kollur,Under Construction,"7,399 / sq ft",2230 
OWNER,3 , 1.65 Cr,Kollur,Under Construction,"7,399 / sq ft",2230 
OWNER,3 , 1.65 Cr,Kollur,Under Construction,"7,399 / sq ft",2230 
OWNER,3 , 1.65 Cr,Kollur,Under Construction,"7,399 / sq ft",2230 
AGENT,2 , 31.94 L,Nizampet,Under Construction,"3,900 / sq ft",819 
OWNER,7 , 1 Cr,Balapur,Ready to move,"4,000 / sq ft",2500 
OWNER,Residential Plot, 24 L,Yacharam,Resale,"1,333 / sq ft",1800 
OWNER,Residential Plot, 24 L,Yacharam,Resale,"1,333 / sq ft",1800 
OWNER,Residential Plot, 24 L,Yacharam,Resale,"1,333 / sq ft",1800 
OWNER,2 , 66 L,Rampally,Ready to move,"4,852 / sq ft",1360 
OWNER,2 , 44 L,Miyapur,Ready to move,"4,313 / sq ft",1020 
OWNER,3 , 70 L,Neknampur,Under Construction,"4,430 / sq ft",1580 
OWNER,3 , 70 L,Bachupally,Ready to move,"4,794 / sq ft",1460 
OWNER,3 , 70 L,Bachupally,Ready to move,"4,794 / sq ft",1460 
OWNER,2 , 82 L,Gachibowli,Ready to move,"7,093 / sq ft",1156 
OWNER,2 , 45 L,Nizampet,Ready to move,"3,846 / sq ft",1170 
OWNER,2 , 44 L,Balanagar,Ready to move,"4,000 / sq ft",1100 
OWNER,3 , 68 L,Yousufguda,Ready to move,"5,230 / sq ft",1300 
OWNER,2 , 82 L,Gachibowli,Ready to move,"7,093 / sq ft",1156 
OWNER,6 , 1.3 Cr,AS Rao Nagar,Ready to move,"5,416 / sq ft",2400 
OWNER,7 , 3.24 Cr,Bowenpally,Ready to move,"9,254 / sq ft",3501 
OWNER,8 , 1.8 Cr,Old Bowenpally,Ready to move,"5,294 / sq ft",3400 
AGENT,3 , 48.45 L,Balanagar,Under Construction,"3,000 / sq ft",1615 
AGENT,3 , 1.14 Cr,Kokapet,Under Construction,Price,2120 
AGENT,3 , 42 L,Madhapur,Under Construction,"3,500 / sq ft",1200 
AGENT,1 , 12.5 L,Tukkuguda,Under Construction,"1,987 / sq ft",629 
AGENT,3 , 29 L,Shamirpet,Under Construction,"2,230 / sq ft",1300 
AGENT,2 , 21 L,Shamirpet,Under Construction,"2,142 / sq ft",980 
AGENT,4 , 2.8 Cr,Narsingi,Ready to move,"8,160 / sq ft",3431 
AGENT,3 , 67.2 L,Manchirevula,Under Construction,"4,200 / sq ft",1600 
AGENT,3 , 71.4 L,Manchirevula,Under Construction,"4,200 / sq ft",1700 
AGENT,3 , 84 L,Manchirevula,Under Construction,"4,200 / sq ft",2000 
AGENT,3 , 92.4 L,Hitech City,Under Construction,"4,200 / sq ft",2200 
AGENT,3 , 1.26 Cr,Kokapet,Under Construction,"4,200 / sq ft",3013 
AGENT,2 , 68.92 L,Nanakramguda,Under Construction,"4,200 / sq ft",1641 
AGENT,3 , 81 L,Hitech City,Under Construction,"4,500 / sq ft",1800 
AGENT,3 , 92.44 L,Nanakramguda,Under Construction,"4,200 / sq ft",2201 
AGENT,3 , 1.09 Cr,Kokapet,Under Construction,"4,200 / sq ft",2603 
AGENT,3 , 1.09 Cr,Kokapet,Under Construction,"4,200 / sq ft",2608 
AGENT,3 , 1.17 Cr,Kokapet,Under Construction,"4,200 / sq ft",2803 
AGENT,3 , 1.17 Cr,Kokapet,Under Construction,"4,200 / sq ft",2804 
AGENT,3 , 1.26 Cr,Kokapet,Under Construction,"4,200 / sq ft",3015 
AGENT,3 , 67.2 L,Kokapet,Under Construction,"4,200 / sq ft",1600 
AGENT,3 , 1.08 Cr,Hitech City,Under Construction,"4,500 / sq ft",2400 
AGENT,3 , 1.68 Cr,Kokapet,Under Construction,"4,200 / sq ft",4000 
AGENT,2 , 54.6 L,Hitech City,Under Construction,"4,200 / sq ft",1300 
AGENT,3 , 67.2 L,Nanakramguda,Under Construction,"4,200 / sq ft",1600 
AGENT,2 , 57.12 L,Nanakramguda,Under Construction,"4,200 / sq ft",1360 
AGENT,2 , 57.12 L,Hitech City,Under Construction,"4,200 / sq ft",1360 
AGENT,3 , 1.17 Cr,Hitech City,Under Construction,"4,200 / sq ft",2800 
AGENT,3 , 84 L,Hitech City,Under Construction,"4,200 / sq ft",2000 
AGENT,3 , 78.12 L,Nanakramguda,Under Construction,"4,200 / sq ft",1860 
AGENT,3 , 1.14 Cr,Bachupally,Under Construction,"5,500 / sq ft",2076 
AGENT,3 , 84 L,Kokapet,Under Construction,"4,200 / sq ft",2000 
AGENT,3 , 1.56 Cr,Nanakramguda,Under Construction,"5,999 / sq ft",2601 
AGENT,3 , 1.43 Cr,Nanakramguda,Under Construction,"5,999 / sq ft",2400 
AGENT,3 , 1.32 Cr,Nanakramguda,Under Construction,"5,999 / sq ft",2201 
AGENT,3 , 2.4 Cr,Nanakramguda,Under Construction,"5,999 / sq ft",4001 
AGENT,3 , 1.79 Cr,Nanakramguda,Under Construction,"5,999 / sq ft",3000 
AGENT,3 , 2.39 Cr,Nanakramguda,Under Construction,"5,999 / sq ft",4000 
AGENT,3 , 95.98 L,Narsingi,Under Construction,"5,999 / sq ft",1600 
AGENT,3 , 1.07 Cr,Manchirevula,Under Construction,"5,999 / sq ft",1800 
AGENT,3 , 1.19 Cr,Nanakramguda,Under Construction,"5,999 / sq ft",2000 
AGENT,3 , 1.43 Cr,Nanakramguda,Under Construction,"5,999 / sq ft",2400 
AGENT,3 , 1.43 Cr,Manchirevula,Under Construction,"5,999 / sq ft",2400 
AGENT,2 , 77.98 L,Manchirevula,Under Construction,"5,999 / sq ft",1300 
AGENT,4 , 2.39 Cr,Nanakramguda,Under Construction,"5,999 / sq ft",4000 
AGENT,2 , 77.98 L,Nanakramguda,Under Construction,"5,999 / sq ft",1300 
AGENT,3 , 1.07 Cr,Nanakramguda,Under Construction,"5,999 / sq ft",1800 
AGENT,4 , 1.79 Cr,Kokapet,Under Construction,"5,999 / sq ft",3000 
AGENT,2 , 80.68 L,Kokapet,Under Construction,"5,999 / sq ft",1345 
AGENT,2 , 67.72 L,Mokila,Ready to move,"5,999 / sq ft",1129 
AGENT,2 , 59.99 L,Taramatipet,Under Construction,"5,999 / sq ft",1000 
AGENT,3 , 1.43 Cr,Hitech City,Under Construction,"5,999 / sq ft",2400 
AGENT,3 , 1.07 Cr,Hitech City,Under Construction,"5,999 / sq ft",1800 
AGENT,3 , 1.67 Cr,Kokapet,Under Construction,"5,999 / sq ft",2800 
AGENT,3 , 1.79 Cr,Kokapet,Under Construction,"5,999 / sq ft",3000 
AGENT,3 , 1.55 Cr,Kokapet,Under Construction,"5,999 / sq ft",2600 
AGENT,2 , 59.99 L,Taramatipet,Under Construction,"5,999 / sq ft",1000 
AGENT,2 , 77.98 L,Kokapet,Under Construction,"5,999 / sq ft",1300 
AGENT,3 , 1.19 Cr,Manchirevula,Under Construction,"5,999 / sq ft",2000 
AGENT,4 , 1.79 Cr,Hitech City,Under Construction,"5,999 / sq ft",3000 
AGENT,4 , 2.33 Cr,Manchirevula,Under Construction,"5,999 / sq ft",3900 
AGENT,4 , 2.6 Cr,Tellapur,Ready to move,"9,629 / sq ft",2700 
AGENT,2 , 77.98 L,Hitech City,Under Construction,"5,999 / sq ft",1300 
OWNER,2 , 74 L,Miyapur,Ready to move,"6,090 / sq ft",1215 
OWNER,3 , 92 L,Kondapur,Ready to move,"6,032 / sq ft",1525 
AGENT,3 , 64.4 L,Alwal,Under Construction,"4,000 / sq ft",1610 
OWNER,Residential Plot, 35 L,Ghatkesar,Resale,"1,296 / sq ft",2700 
AGENT,2 , 33.12 L,Hakimpet Hyderabad Karimnagar Highway,Under Construction,"2,500 / sq ft",1325 
OWNER,2 , 78 L,Dammaiguda,Ready to move,"4,814 / sq ft",1620 
OWNER,2 , 46.44 L,Miyapur,Ready to move,"4,300 / sq ft",1080 
OWNER,3 , 1.5 Cr,Bhanur,Under Construction,"7,894 / sq ft",1900 
OWNER,2 , 49 L,Nizampet,Ready to move,"5,444 / sq ft",900 
OWNER,3 , 1.45 Cr,Ramachandra Puram,Ready to move,"7,142 / sq ft",2030 
OWNER,3 , 82 L,Bandlaguda Jagir,Ready to move,"5,466 / sq ft",1500 
OWNER,3 , 1.15 Cr,Madhapur,Under Construction,"6,500 / sq ft",1780 
OWNER,3 , 1.78 Cr,Mokila,Under Construction,"5,498 / sq ft",3237 
OWNER,4 , 4.6 Cr,Kukatpally,Ready to move,"14,197 / sq ft",3240 
OWNER,Residential Plot, 56 L,Patancheru,Resale,"3,111 / sq ft",1800 
OWNER,2 , 1.4 Cr,Alwal,Ready to move,"7,777 / sq ft",1800 
AGENT,3 , 78.5 L,Kukatpally,Under Construction,"5,814 / sq ft",1350 
AGENT,3 , 78 L,Kukatpally,Under Construction,"5,777 / sq ft",1350 
OWNER,2 , 52 L,Bandlaguda Jagir,Ready to move,"4,521 / sq ft",1150 
OWNER,2 , 37 L,Kollur,Under Construction,"3,162 / sq ft",1170 
AGENT,Residential Plot, 86 L,Narapally,Resale,"43,000 / sq ft",200 
AGENT,Residential Plot, 99 L,Narapally,Resale,"45,000 / sq ft",220 
AGENT,Residential Plot, 29.99 L,Bhuvanagiri,Resale,"1,666 / sq ft",1800 
AGENT,Residential Plot, 30 L,Bhuvanagiri,New,"1,666 / sq ft",1800 
AGENT,Residential Plot, 43.87 L,Ghatkesar,Resale,"1,499 / sq ft",2925 
OWNER,1 , 24 L,Maruthi Nagar,Ready to move,"3,692 / sq ft",650 
OWNER,2 , 24.18 L,Shamirpet,Under Construction,"2,199 / sq ft",1100 
OWNER,3 , 1.23 Cr,Narsingi,Under Construction,"5,491 / sq ft",2240 
OWNER,3 , 1.6 Cr,Narayanguda,Ready to move,"8,298 / sq ft",1928 
OWNER,3 , 2 Cr,Malakpet,Ready to move,"11,111 / sq ft",1800 
OWNER,3 , 75 L,Sainikpuri,Ready to move,"4,646 / sq ft",1614 
OWNER,3 , 1.05 Cr,Hastinapuram,Under Construction,"5,728 / sq ft",1833 
OWNER,3 , 75 L,Chinna Thokatta,Ready to move,"2,343 / sq ft",3200 
OWNER,3 , 95 L,Madhapur,Ready to move,"6,551 / sq ft",1450 
OWNER,3 , 75 L,Nanakramguda,Ready to move,"4,545 / sq ft",1650 
OWNER,10 , 5.2 Cr,Hafeezpet,Ready to move,"5,200 / sq ft",10000 
OWNER,3 , 75 L,Attapur,Ready to move,"6,097 / sq ft",1230 
OWNER,3 , 1.02 Cr,Attapur,Ready to move,"6,244 / sq ft",1635 
OWNER,3 , 54 L,Kothapet,Under Construction,"3,233 / sq ft",1670 
OWNER,2 , 24.84 L,Medchal,Under Construction,"2,300 / sq ft",1080 
OWNER,4 , 1.4 Cr,AS Rao Nagar,Ready to move,"9,824 / sq ft",1425 
OWNER,Residential Plot, 21.15 L,Bhuvanagiri,Resale,"1,410 / sq ft",1500 
OWNER,4 , 1.4 Cr,Quthbullapur,Ready to move,"6,363 / sq ft",2200 
OWNER,2 , 58 L,Bowenpally,Ready to move,"4,280 / sq ft",1355 
OWNER,Residential Plot, 19.46 L,Toopra Khurd,Resale,"1,311 / sq ft",1485 
OWNER,Residential Plot, 88 L,Cherlapalli,Resale,"4,400 / sq ft",2000 
OWNER,2 , 67 L,Chanakyapuri,Ready to move,"5,338 / sq ft",1255 
OWNER,2 , 1.25 Cr,Bolarum,Under Construction,"4,166 / sq ft",3000 
OWNER,5 , 1.25 Cr,Mallampet,Under Construction,"4,166 / sq ft",3000 
OWNER,2 , 67 L,Nallagandla Gachibowli,Ready to move,"6,442 / sq ft",1040 
OWNER,4 , 8 Cr,Gandipet,Ready to move,"14,545 / sq ft",5500 
OWNER,2 , 25 L,Gajularamaram,Ready to move,"2,500 / sq ft",1000 
OWNER,2 , 25 L,Gajularamaram,Ready to move,"2,500 / sq ft",1000 
OWNER,3 , 55 L,Pragathi Nagar Kukatpally,Ready to move,"3,928 / sq ft",1400 
OWNER,2 , 38 L,LB Nagar,Ready to move,"5,033 / sq ft",755 
OWNER,3 , 1.17 Cr,Kukatpally,Ready to move,"5,981 / sq ft",1956 
OWNER,Residential Plot, 3.78 Cr,Bonthapalle,Resale,"2,500 / sq ft",15120 
OWNER,Residential Plot, 46 L,Mallapur,Resale,510 / sq ft,9009 
OWNER,3 , 95 L,Hafeezpet,Under Construction,"6,333 / sq ft",1500 
OWNER,4 , 1.1 Cr,Toli Chowki,Ready to move,"6,094 / sq ft",1805 
OWNER,2 , 52 L,Pragathi Nagar Kukatpally,Ready to move,"4,727 / sq ft",1100 
OWNER,Residential Plot, 24 L,Ramdas Pally,Resale,"1,333 / sq ft",1800 
OWNER,2 , 61.75 L,Suchitra,Under Construction,"5,000 / sq ft",1235 
OWNER,3 , 1.38 Cr,Sainikpuri,Ready to move,"6,000 / sq ft",2300 
OWNER,3 , 43.8 L,Patancheru,Under Construction,"3,000 / sq ft",1460 
OWNER,3 , 77.75 L,Suchitra,Under Construction,"5,000 / sq ft",1555 
OWNER,2 , 36 L,Kukatpally,Ready to move,"4,176 / sq ft",862 
OWNER,4 , 74 L,Himayat Nagar,Ready to move,"6,981 / sq ft",1060 
OWNER,2 , 44.48 L,Maheshwaram,Under Construction,"4,340 / sq ft",1025 
OWNER,2 , 95 L,Moti Nagar,Ready to move,"6,597 / sq ft",1440 
OWNER,3 , 95 L,Borabanda,Ready to move,"11,176 / sq ft",850 
OWNER,2 , 95 L,Borabanda,Ready to move,"6,597 / sq ft",1440 
OWNER,2 , 63 L,Badangpet,Ready to move,"6,000 / sq ft",1050 
OWNER,3 , 71 L,AS Rao Nagar,Ready to move,"4,426 / sq ft",1604 
OWNER,5 , 6 Cr,Mokila,Ready to move,"9,230 / sq ft",6500 
OWNER,4 , 3.16 Cr,Tellapur,Ready to move,"7,500 / sq ft",4225 
OWNER,3 , 35 L,Boiguda,Ready to move,"3,500 / sq ft",1000 
OWNER,4 , 62.5 L,Miyapur,Ready to move,"5,676 / sq ft",1101 
OWNER,3 , 1.33 Cr,Kokapet,Ready to move,"8,664 / sq ft",1535 
OWNER,4 , 5.5 Cr,Mokila,Ready to move,"11,578 / sq ft",4750 
OWNER,2 , 77.5 L,Kukatpally,Ready to move,"7,750 / sq ft",1000 
OWNER,5 , 1.2 Cr,Bhuvanagiri,Under Construction,"4,800 / sq ft",2500 
OWNER,3 , 67.5 L,Rajendra Nagar,Ready to move,"6,447 / sq ft",1047 
OWNER,Residential Plot, 11.25 L,Sadashivpet,Resale,625 / sq ft,1800 
OWNER,2 , 33 L,Shamirpet,Ready to move,"3,300 / sq ft",1000 
OWNER,3 , 1.15 Cr,Patancheru,Under Construction,"5,750 / sq ft",2008 
OWNER,4 , 2 Cr,Shamshabad,Under Construction,"5,968 / sq ft",3351 
OWNER,2 , 30 L,Nizampet,Ready to move,"2,732 / sq ft",1098 
OWNER,4 , 3.1 Cr,Banjara Hills,Ready to move,"10,483 / sq ft",2957 
OWNER,2 , 72 L,Madhapur,Ready to move,"5,877 / sq ft",1225 
OWNER,Residential Plot, 18.69 L,Kadthal,Resale,777 / sq ft,2403 
OWNER,2 , 49 L,Bolarum,Under Construction,"4,100 / sq ft",1195 
OWNER,2 , 67 L,Rampally,Ready to move,"5,153 / sq ft",1300 
OWNER,2 , 60 L,Hayathnagar,Ready to move,"5,714 / sq ft",1050 
OWNER,Residential Plot, 3.5 L,Shamshabad,Resale,388 / sq ft,900 
OWNER,4 , 3.3 Cr,Kismatpur,Ready to move,"9,013 / sq ft",3661 
OWNER,2 , 70 L,Vanasthalipuram,Ready to move,"5,608 / sq ft",1248 
OWNER,2 , 68 L,Rampally,Ready to move,"5,037 / sq ft",1350 
OWNER,Residential Plot, 31.7 L,Indresham,Resale,"2,109 / sq ft",1503 
OWNER,Residential Plot, 30 L,Taramatipet,Resale,"1,666 / sq ft",1800 
OWNER,3 , 4.1 Cr,Film Nagar,Under Construction,"12,812 / sq ft",3200 
OWNER,3 , 1.08 Cr,Kukatpally,Ready to move,"6,000 / sq ft",1800 
OWNER,3 , 1.08 Cr,Kukatpally,Ready to move,"6,000 / sq ft",1800 
OWNER,3 , 97 L,Kukatpally,Ready to move,"5,388 / sq ft",1800 
OWNER,3 , 1.08 Cr,Kukatpally,Ready to move,"6,000 / sq ft",1800 
OWNER,3 , 1.12 Cr,Habsiguda,Under Construction,"7,225 / sq ft",1550 
OWNER,3 , 97 L,Kukatpally,Ready to move,"5,388 / sq ft",1800 
OWNER,3 , 1.08 Cr,Kukatpally,Ready to move,"6,000 / sq ft",1800 
OWNER,3 , 1.08 Cr,Kukatpally,Ready to move,"6,000 / sq ft",1800 
OWNER,3 , 1.08 Cr,Kukatpally,Ready to move,"6,000 / sq ft",1800 
